Name,Positioning,Why it works,Risk
Riddra,Market radar with AI layer,You already own the domain and it feels discovery-led,Softer on finance trust than traditional finance names
RadarIQ,Research plus intelligence,"Short, memorable and premium-friendly",Might face naming competition
TradeRadar,Trader-focused intelligence,Clear for active trader audience,Narrower if you expand deep into funds and wealth
MarketPulse AI,Live market pulse and AI assistance,Fits dashboards and options analytics,Name style is more descriptive than brandable
FinScope AI,Wide-angle finance discovery,"Works for stocks, funds, IPOs and pro tools",A bit generic
AlphaRadar,Signals and edge,Strong subscription feel,May invite compliance sensitivity if overpromised
InvestPulse,Investor plus market motion,Good for creator-led brand building,Less trader-heavy
SignalStack,Suite of market signals and tools,Good product architecture story,"Techy, not mass market"
NiveshIQ,Indian investing plus intelligence,Local relevance and AI angle,Hindi-led name may narrow global feel
